{"cameraMode":{"drawMode":0,"name":"Shaded","section":"Shading Mode"},"sceneLighting":true,"audioPlay":false,"sceneViewState":{"showFog":true,"showMaterialUpdate":false,"showSkybox":true,"showFlares":true,"showImageEffects":true,"showParticleSystems":true},"in2DMode":false,"pivot":{"x":22.34627914428711,"y":24.38534927368164,"z":-37.59761047363281},"rotation":{"x":-0.2850334346294403,"y":0.09212106466293335,"z":-0.02752070687711239,"w":-0.9537290930747986},"size":2.32175612449646,"orthographic":false}