{"cameraMode":{"drawMode":0,"name":"Shaded","section":"Shading Mode"},"sceneLighting":false,"audioPlay":false,"sceneViewState":{"showFog":true,"showMaterialUpdate":false,"showSkybox":false,"showFlares":true,"showImageEffects":true,"showParticleSystems":true},"in2DMode":false,"pivot":{"x":-1.8414250612258912,"y":3.2231903076171877,"z":4.410481929779053},"rotation":{"x":-0.16833046078681947,"y":0.230628103017807,"z":-0.04175381362438202,"w":-0.9580373764038086},"size":11.668428421020508,"orthographic":false}