{"cameraMode":{"drawMode":0,"name":"Shaded","section":"Shading Mode"},"sceneLighting":false,"audioPlay":false,"sceneViewState":{"showFog":true,"showMaterialUpdate":false,"showSkybox":false,"showFlares":true,"showImageEffects":true,"showParticleSystems":true},"in2DMode":false,"pivot":{"x":-1.3580231666564942,"y":1.9488309621810914,"z":14.271634101867676},"rotation":{"x":0.04131816327571869,"y":-0.06170127913355827,"z":0.0026553706265985967,"w":0.9973264932632446},"size":20.39185333251953,"orthographic":false}