{"cameraMode":{"drawMode":0,"name":"Shaded","section":"Shading Mode"},"sceneLighting":true,"audioPlay":false,"sceneViewState":{"showFog":true,"showMaterialUpdate":false,"showSkybox":true,"showFlares":true,"showImageEffects":true,"showParticleSystems":true},"in2DMode":false,"pivot":{"x":42.17201232910156,"y":11.114843368530274,"z":-13.403982162475586},"rotation":{"x":-0.06694428622722626,"y":0.08438130468130112,"z":-0.005897891707718372,"w":-0.9947823882102966},"size":4.300000190734863,"orthographic":false}