{"cameraMode":{"drawMode":0,"name":"Shaded","section":"Shading Mode"},"sceneLighting":false,"audioPlay":false,"sceneViewState":{"showFog":true,"showMaterialUpdate":false,"showSkybox":false,"showFlares":true,"showImageEffects":true,"showParticleSystems":true},"in2DMode":false,"pivot":{"x":-7.629796028137207,"y":-3.9921772480010988,"z":5.683322429656982},"rotation":{"x":0.16712243854999543,"y":-0.45377835631370547,"z":0.0871773436665535,"w":0.8710485100746155},"size":20.39185333251953,"orthographic":false}