{"cameraMode":{"drawMode":0,"name":"Shaded","section":"Shading Mode"},"sceneLighting":true,"audioPlay":false,"sceneViewState":{"showFog":true,"showMaterialUpdate":false,"showSkybox":true,"showFlares":true,"showImageEffects":true,"showParticleSystems":true},"in2DMode":false,"pivot":{"x":17.761016845703126,"y":6.40553617477417,"z":-14.992631912231446},"rotation":{"x":-0.20988288521766663,"y":0.006743368227034807,"z":-0.0017342332284897566,"w":-0.9779266715049744},"size":3.6653528213500978,"orthographic":false}